Location Code,Item Name,Additional Notes,
SR1 1-A,Laryngoscope Blade Robertshaw 0,Excess on top of shelf,
SR1 1-A,Laryngoscope Blade Miller 2,Excess on top of shelf,
SR1 1-A,Laryngoscope Blade Miller 1,Excess on top of shelf,
SR1 1-A,Laryngoscope Blade Miller 0,Excess on top of shelf,
SR1 1-A,Laryngoscope Blade Miller 00,Excess on top of shelf,
SR1 1-A,Laryngoscope Blade Macintosh 0,Excess on top of shelf,
SR1 1-A,Laryngoscope Blade Macintosh 1,Excess on top of shelf,
SR1 1-B,Laryngoscope Handle AAA Type,,
SR1 1-B,Laryngoscope Handle AA Type,,
SR1 1-B,Laryngoscope Handle C Type,,
SR1 1-B,Laryngoscope Blade Macintosh 2,Excess on top of shelf,
SR1 1-B,Laryngoscope Blade Macintosh 3,Excess on top of shelf,
SR1 1-B,Laryngoscope Blade Macintosh 4,Excess on top of shelf,
SR1 1-C,Glidescope Blade LoPro S1,,
SR1 1-C,Glidescope Blade Miller S1,,
SR1 1-C,Glidescope Blade Miller S0,,
SR1 1-D,Glidescope Blade LoPro S2,,
SR1 1-D,Glidescope Blade LoPro S2.5,,
SR1 1-E,Glidescope Blade LoPro S3,,
SR1 1-E,Glidescope Blade LoPro S4,,
SR1 1-F,Glidescope Blade Mac S3,,
SR1 1-F,Glidescope Blade Mac S4,,
SR1 1-G,LMA Size 1,,
SR1 1-G,LMA Size 1.5,,
SR1 1-G,LMA / i-Gel Size 2,,
SR1 1-G,LMA Size 2.5,,
SR1 1-H,i-Gel Size 3,,
SR1 1-H,i-Gel Size 4,,
SR1 1-H,i-Gel Size 5,,
SR1 2-A,Magill Forceps Paediatric 20cm,,
SR1 2-A,Magill Forceps Infant,,
SR1 2-A,Nasopharyngeal Airway (NPA) 3.0,,
SR1 2-A,Nasopharyngeal Airway (NPA) 3.5,,
SR1 2-A,Nasopharyngeal Airway (NPA) 4.0,,
SR1 2-A,Nasopharyngeal Airway (NPA) 4.5,,
SR1 2-A,Nasopharyngeal Airway (NPA) 5.0,,
SR1 2-A,Nasopharyngeal Airway (NPA) 5.5,,
SR1 2-B,Nasopharyngeal Airway (NPA) 6.0,,
SR1 2-B,Nasopharyngeal Airway (NPA) 6.5,,
SR1 2-B,Nasopharyngeal Airway (NPA) 7.0,,
SR1 2-B,Nasopharyngeal Airway (NPA) 7.5,,
SR1 2-C,Guedel Airway Size 0,,
SR1 2-C,Guedel Airway Size 00,,
SR1 2-C,Guedel Airway Size 000,,
SR1 2-C,Guedel Airway Size 1,,
SR1 2-C,Guedel Airway Size 2,,
SR1 2-C,Guedel Airway Size 3,,
SR1 2-C,Guedel Airway Size 4,,
SR1 2-D,Glidescope Stylet Small,,
SR1 2-E,Glidescope Stylet Medium,,
SR1 2-E,Glidescope Stylet Large,,
SR1 2-F,Oxylog Circuits,,
SR1 2-G,Oxylog Circuits,,
SR1 2-H,Oxylog Circuits,,
SR1 3-A,Uncuffed / Cuffless ETT Size 2.0,,
SR1 3-A,Uncuffed / Cuffless ETT Size 2.5,,
SR1 3-A,Uncuffed / Cuffless ETT Size 3.0,,
SR1 3-A,Uncuffed / Cuffless ETT Size 3.5,,
SR1 3-A,Uncuffed / Cuffless ETT Size 4.0,,
SR1 3-A,Uncuffed / Cuffless ETT Size 4.5,,
SR1 3-A,Uncuffed / Cuffless ETT Size 5.0,,
SR1 3-A,Uncuffed / Cuffless ETT Size 5.5,,
SR1 3-C,Microcuff ETT 3.0,,
SR1 3-C,Microcuff ETT 3.5,,
SR1 3-C,Microcuff ETT 4.0,,
SR1 3-C,Microcuff ETT 4.5,,
SR1 3-C,Microcuff ETT 5.0,,
SR1 3-C,Microcuff ETT 5.5,,
SR1 3-D,Cuffed ETT 5.0,,
SR1 3-D,Cuffed ETT 5.5,,
SR1 3-D,Cuffed ETT 6.0,,
SR1 3-E,Cuffed ETT 6.5,,
SR1 3-E,Cuffed ETT 7.0,,
SR1 3-E,Cuffed ETT 7.5,,
SR1 3-E,Cuffed ETT 8.0,,
SR1 3-F,Magill Forceps Adult,,
SR1 3-F,Intubating Stylet 6Fr,,
SR1 3-F,Intubating Stylet 10Fr,,
SR1 3-F,Intubating Stylet14Fr,,
SR1 3-G,Infinity Adult Ventilator Dual Heated Circuit,,
SR1 3-H,Infinity Adult Ventilator Dual Heated Circuit,,
SR1 3-I,Infinity Adult Ventilator Dual Heated Circuit,,
SR1 4-A,Infinity Flow Sensor,,
SR1 4-A,T-Piece / Nebulizer Tee Connector,,
SR1 4-A,T-Piece with MDI Insert,,
SR1 4-B,ETT Holder / Anchorfast,,
SR1 4-C,Neopuff Circuits,,
SR1 4-C,Neopuff Test Lung,,
SR1 4-D,Filter - White - Non-HME,,
SR1 4-E,Filter - Green - HME,,
SR1 4-F,HME Filter - Paediatrics,,
SR1 4-F,Catheter Mount / Swivel Elbow,,
SR1 4-G,Infinity Adult Ventilator Dual Heated Circuit,,
SR1 4-I,Infinity Adult Ventilator Dual Heated Circuit,,
SR1 5-A,Tracheostomy Tube 7.0,,
SR1 5-A,Colorimetric CO2 Detector - Paediatric,,
SR1 5-A,Laerdal PEEP Valve,,
SR1 5-B,Rapid O2 Cricothyroidotomy Insufflation Device,,
SR1 5-B,Colorimetric CO2 Detector - Adult,,
SR1 5-B,Disposable Scalpel and Blade 10,,
SR1 5-B,IV Cannula 14G (Bbraun Introcan),,
SR1 5-C,ETCO2 Filterline (ETT),,
SR1 5-D,ETCO2 Filterline (Nasal Prong),,
SR1 5-E,Expiratory Valve Draeger,,
SR1 5-F,Oxylog Circuits - Paediatric,,
SR1 5-G,Infinity Paediatric Ventilator Dual Heated Circuit,,
SR1 5-H,Infinity Paediatric Ventilator Dual Heated Circuit,,
SR1 6-A,BVM - Infant,,
SR1 6-B,BVM - Infant,,
SR1 6-C,BVM - Paediatric,,
SR1 6-D,BVM - Paediatric,,
SR1 6-E,BVM - Paediatric,,
SR1 6-F,BVM - Adult,,
SR1 6-G,BVM - Adult,,
SR1 6-H,BVM - Adult,,
SR1 7-A,Suction Catheter 6Fr,,
SR1 7-A,Suction Catheter 8Fr,,
SR1 7-A,Suction Catheter 10Fr,,
SR1 7-A,Suction Catheter 12Fr,,
SR1 7-B,Suction Catheter 14Fr,,
SR1 7-B,Yankauer Suction Tip - Adult,,
SR1 7-C,Yankauer Suction Tip - Paediatric,,
SR1 7-D,Peak Flow Meter,,
SR1 7-D,Peak Flow Meter Mouthpiece,,
SR1 7-D,Mouthpiece for Nitrous Circuit,,
SR1 7-E,Inline Suction - Adult,,
SR1 7-F,Inline Suction - Paediatric,,
SR1 7-G,Suction Liner,,
SR1 7-G,Suction Connecting Tube,,
SR1 7-H,Suction Tubing,,
SR1 8-A,Oxygen Cannula Nasal Prong - Infant,,
SR1 8-B,Oxygen Cannula Nasal Prong - Paediatric,,
SR1 8-C,Oxygen Cannula Nasal Prong - Adult,,
SR1 8-D,Oxygen Supply Tube Connectors,,
SR1 8-E,Tracheostomy Mask - Adult,,
SR1 8-E,Oxygen 5-in-1 Male Connector,,
SR1 8-F,Venturi Mask - Adult,,
SR1 8-G,Oxygen Mask - Non-Rebreather - Paediatric,,
SR1 8-G,Oxygen Mask - Simple / Hudson - Paediatric,,
SR1 8-H,Nebuliser Mask - Paediatric,,
SR1 9-A,Trache Tape - Cotton,,
SR1 9-E,Nebuliser Mask - Adult,,
SR1 9-F,Oxygen Mask - Simple / Hudson - Adult,,
SR1 9-G,Oxygen Mask - Non-Rebreather - Adult,,
SR1 10-A,Neonatal Resuscitation Mask,,
SR1 10-A,Silicone Donut Mask Size 0,,
SR1 10-B,Silicone Donut Mask Size 1,,
SR1 10-C,Cushion Mask Size 2 / Paediatric,,
SR1 10-G,Nitrous Circuits ,,
SR1 10-H,Nitrous Circuits ,,
SR1 10-I,Nitrous Circuits ,,
SR2 1-A,Cushion Mask Small,,
SR2 1-B,Cushion Mask Small,,
SR2 1-C,Cushion Mask Small,,
SR2 1-D,Cushion Mask Small,,
SR2 1-E,Cushion Mask Medium,,
SR2 1-F,Cushion Mask Medium,,
SR2 1-G,Cushion Mask Large,,
SR2 1-H,Cushion Mask Large,,
SR2 2-A,Airvo Nasal Prong Adult Small,,
SR2 2-B,Airvo Nasal Prong Adult Medium,,
SR2 2-C,Airvo Nasal Prong Adult Large,,
SR2 2-D,Airvo Nasal Prong Paediatric XXL,,
SR2 2-E,Airvo Nasal Prong Paediatric XL,,
SR2 2-E,Airvo Nasal Prong Paediatric L,,
SR2 2-E,Airvo Nasal Prong Paediatric M,,
SR2 2-E,Optiflow Wigglewing M/L/XL,,
SR2 2-E,Optiflow Wigglepads M/L/XL,,
SR2 2-E,"Humidifier Adaptor Dual Flow ""Batman""",,
SR2 2-F,Airvo Circuits,,
SR2 2-G,BIPAP/ NIV Mask Small,,
SR2 2-H,BIPAP/ NIV Mask Small,,
SR2 3-A,BIPAP/ NIV Mask Visairo Size A,,
SR2 3-B,BIPAP/ NIV Mask Visairo Size B,,
SR2 3-C,BIPAP/ NIV Mask Visairo Size C,,
SR2 3-D,BIPAP/ NIV Mask X-Small,,
SR2 3-E,BIPAP/ NIV Mask Medium,,
SR2 3-F,BIPAP/ NIV Mask Medium,,
SR2 3-G,BIPAP/ NIV Mask Large,,
SR2 3-H,BIPAP/ NIV Mask Large,,
SR2 4-A,BIPAP/ NIV Mask Visairo Size A,,
SR2 4-B,BIPAP/ NIV Mask Visairo Size B,,
SR2 4-C,BIPAP/ NIV Mask Visairo Size C,,
SR2 4-E,Pulse Oximeter Sensor Masimo,,
SR2 4-E,Pulse Oximeter Sensor Nellcor,,
SR2 4-F,Spacer,,
SR2 4-G,Spacer,,
SR2 4-H,Spacer,,
SR2 6-A,Pressure Infusor Bag,,
SR2 6-B,Chlorhexidine 2% in 70% Alcohol - Tinted Red - 30mL,,
SR2 6-B,Central Line Infusion Valve,,
SR2 6-B,Rapid Infusion Catheter Exchange Set,,
SR2 6-C,Fenestrated Drape,,
SR2 6-D,Fenestrated Drape,,
SR2 6-E,Sterile Gown Kit,,
SR2 6-F,Cotton Balls - Non Sterile,,
SR2 6-H,Cotton Balls - Non Sterile,,
SR2 7-A,Arterial Catheterization Set 20Gx5cm,,
SR2 7-A,Arterial Catheterization Set 20Gx8cm,,
SR2 7-A,Arterial Catheterization Set 20Gx12cm,,
SR2 7-B,Tegaderm Dressing CHG 8.5x11.5cm,,
SR2 7-B,Catheter Artery Set Quickflash 20G,,
SR2 7-C,Femoral Artery Catheter Set,,
SR2 7-D,Femoral Artery Catheter Set,,
SR2 7-E,CVC Insertion Pack,,
SR2 7-F,CVC Insertion Pack,,
SR2 7-G,Volumat Line Infusion Pump Giving Set,,
SR2 7-H,Volumat Line Infusion Pump Giving Set,,
SR2 8-A,Sterile Ultrasound Probe Cover Kit,,
SR2 8-A,Ultrasound Gel,,
SR2 8-B,Vinyl Connecting Tube,,
SR2 8-B,Drainage Bag 2L,,
SR2 8-C,Thora-Para Catheter Drainage Kit 8Fr,,
SR2 8-C,IV Cannula 14G (Bbraun Introcan),,
SR2 8-D,Pressure Monitoring Transducer Kit 150cm,,
SR2 8-E,Pressure Monitoring Transducer Kit 30cm,,
SR2 8-F,Four-Lumen CVC,,
SR2 8-F,EZ-IO Intraosseus Vascular Access 15mm Pink ,,
SR2 8-F,EZ-IO Intraosseus Vascular Access 25mm Blue,,
SR2 8-F,EZ-IO Intraosseus Vascular Access 45mm Yellow,,
SR2 8-F,EZ-Stabilizer,,
SR2 8-F,Dieckmann Intraosseous Infusion Needle,,
SR2 8-G,Volumat Line Infusion Pump Giving Set,,
SR2 8-H,Volumat Line Infusion Pump Giving Set,,
SR2 9-A,Wayne Pneumothorax Set/ Pigtail,,
SR2 9-B,Simple Pneumothorax Aspiration Accessory Set,,
SR2 9-B,Trocar Catheter Sharp 16Fr,,
SR2 9-B,Thoracic Catheter Straight 20Fr,,
SR2 9-C,Thoracic Catheter Straight 24Fr,,
SR2 9-C,Thoracic Catheter Straight 28Fr,,
SR2 9-C,Thoracic Catheter Straight 32Fr,,
SR2 9-D,Filter Set Extension ,,
SR2 9-E,IV Cannula 20G 51mm (Long) Cathena,,
SR2 9-E,IV Cannula 18G 51mm (Long) Cathena,,
SR2 9-E,IV Cannula 20G 32mm,,
SR2 9-F,IV Cannula 22G Paeds Non-safety ,,
SR2 9-F,IV Cannula 24G Paeds Non-safety,,
SR2 9-F,IV Cannula 22G 25mm,,
SR2 9-F,IV Cannula 24G 19mm,,
SR2 9-F,IV Cannula 16G 32mm,,
SR2 9-F,IV Cannula 18G 32mm,,
SR2 9-G,Volumat Line Infusion Pump Giving Set,,
SR2 9-H,Volumat Line Infusion Pump Giving Set,,
SR2 10-A,Subcutaneous Butterfly Catheter Set,,
SR2 10-A,Dispensing Pin with Luer Lock,,
SR2 10-A,Chlorhexidine 2% in 70% Alcohol - Small Wipes,,
SR2 10-A,Dressing - Pressure Dot,,
SR2 10-B,Butterfly Set 21G Blue,,
SR2 10-B,Butterfly Set 23G Green,,
SR2 10-B,Tourniquet - Yellow,,
SR2 10-C,Syringe - Insulin,,
SR2 10-C,Syringe - 1mL Tuberculin,,
SR2 10-D,Needle - 21Gx38mm,,
SR2 10-D,Needle - 23Gx25mm,,
SR2 10-D,Needle - 26Gx25mm,,
SR2 10-D,Needle - Blunt 18Gx38mm,,
SR2 10-E,IV Administration Set / Gravity Line,,
SR2 10-F,IV Administration Set / Gravity Line,,
SR2 10-G,Burette Set - Dosifix,,
SR2 10-G,Ranger Blood Warming Set,,
SR2 10-H,Add-A-Line Secondary Medication Set,,
SR2 10-H,Blood/ Solution IV Set - Handpump,,
SR2 11-A,Tegaderm Paediatric 5x5.7cm,,
SR2 11-A,Tegaderm Neonate 3.8x4.5cm,,
SR2 11-A,Tegaderm Small 6x7xm,,
SR2 11-A,Tegaderm Large 10x12cm,,
SR2 11-A,Lancet Accucheck,,
SR2 11-B,IV Safety Valves,,
SR2 11-C,IV Extension Minimum Volume Line 140cm,,
SR2 11-C,White Cap Luer Lock,,
SR2 11-C,Three Way Stopcock,,
SR2 11-C,Three Way Stopcock with Extension Tubing,,
SR2 11-D,IV Extension Set Smallbor 20cm,,
SR2 11-D,19G Airway Needle,,
SR2 11-D,Mixing Cannula,,
SR2 11-D,Lancet Tenderfoot,,
SR2 11-E,Syringe Luer Slip 2mL,,
SR2 11-E,Syringe Luer Slip 5mL,,
SR2 11-F,Syringe Luer Lock 10mL,,
SR2 11-F,Syringe Luer Slip 10mL,,
SR2 11-G,Syringe Luer Slip 20mL,,
SR2 11-H,Syringe Luer Lock 50mL,,
SR2 11-H,Syringe Catheter Tip 50mL,,
SR2 12-A,Sterile Gloves Latex Free Size 6,,
SR2 12-A,Sterile Gloves Latex Free Size 6.5,,
SR2 12-A,Sterile Gloves Latex Free Size 7,,
SR2 12-A,Sterile Gloves Latex Free Size 7.5,,
SR2 12-A,Sterile Gloves Latex Free Size 8,,
SR2 12-A,Sterile Gloves Latex Free Size 9,,
SR2 12-B,Water Seal Chest Drain,,
SR2 12-C,Spacer,,
SR2 12-D,Spacer,,
SR3 13-A,Soluprep Chlorhexidine 2% + Isopropyl Alcohol 70% Tinted Swab - Large,On top of shelf,
SR3 13-A,Foley Catheter with Temperature Sensor 14Fr,,
SR3 13-A,General Purpose Temperature Probe 9Fr,,
SR3 13-B,CSF Specimen Bottles,,
SR3 13-C,Spinal Manometer,,
SR3 13-C,Lap-Band Access Port Needle 20G,,
SR3 13-D,Spinal Needle 25G 3.5in Whitacare,,
SR3 13-D,Spinal Needle 27G 115mm Pencil Point,,
SR3 13-D,Spinal Needle 22G 1.5in Quinke,,
SR3 13-D,Spinal Needle 25G 1in Neonatal,,
SR3 13-D,Guide Needle 25G ,,
SR3 13-E,Lumbar Puncture Pack,,
SR3 13-F,Insulated Needle 22G x 2in,,
SR3 13-F,Peripheral Nerve Block Needle 21G 150cm,,
SR3 13-G,Urinary Irrigation Bag - Double Spike,,
SR3 13-G,Urinary IDC Spigot,,
SR3 13-G,Urinary IDC Securement Grip-Lok,,
SR3 13-H,PEG Tube 18Fr,,
SR3 13-H,PEG Tube 20Fr,,
SR3 13-H,PEG Tube 24Fr,,
SR3 13-H,Suprapubic Catheterisation Set,,
SR3 13-H,Guide Wires,,
SR3 14-A,Foley Catheter Silicone 2-Way Coude Tip 16Fr,,
SR3 14-A,Foley Catheter All Silicone 2-Way 14Fr,,
SR3 14-A,Foley Catheter Paediatric All Silicone 2-Way 6Fr,,
SR3 14-B,Foley Catheter Silicone-Coated Latex 12Fr,,
SR3 14-B,Foley Catheter Silicone-Coated Latex 14Fr,,
SR3 14-C,Foley Catheter Silicone-Coated Latex 16Fr,,
SR3 14-C,Foley Catheter Silicone-Coated Latex 18Fr,,
SR3 14-D,Foley Catheter 3-Way 22Fr,,
SR3 14-D,Foley Catheter 3-Way 24Fr,,
SR3 14-E,Urine Meter,,
SR3 14-F,Urinary Drainage Bag 2L,,
SR3 14-F,Urinary Leg Bag,,
SR3 14-G,Catheter Pack,,
SR3 14-H,Basic Dressing Pack,,
SR3 15-A,NGT Enfit 6Fr,,
SR3 15-A,NGT Enfit 8Fr,,
SR3 15-A,NGT Enfit 10Fr,,
SR3 15-A,Nasofix,,
SR3 15-A,pH Indicator Strip,,
SR3 15-B,NGT Enfit 12Fr,,
SR3 15-B,NGT Enfit 14Fr,,
SR3 15-B,NGT Enfit 16Fr,,
SR3 15-C,Drainage Bag - Enfit 500mL,,
SR3 15-C,Joey Enplus Feed Set Kangaroo,,
SR3 15-D,Suture Pack,,
SR3 15-E,Suture Pack,,
SR3 15-F,Suture Pack,,
SR3 15-G,Suture Pack,,
SR3 15-H,Suture Pack,,
SR3 16-A,Bionix Ear Curettes,,
SR3 16-A,Merocel Ear Wicks,,
SR3 16-A,Frazier Suction 8Fr,,
SR3 16-A,Micro Suction Tube 17G Blunt Needle,,
SR3 16-A,Suction Control Handle,,
SR3 16-B,Killian Nasal Speculum 0.5cm Tip,,
SR3 16-B,Goldsmith Nasal Speculum Size 3,,
SR3 16-C,Sterile Disposable Scissors,,
SR3 16-C,Tilley Aural Forceps 15cm,,
SR3 16-C,Alligator Forceps 8.5cm,,
SR3 16-C,Micro Alligator Forceps,,
SR3 16-D,Kelly Haemostatic Forceps 14cm Straight,,
SR3 16-D,Kelly Haemostatic Forceps 14cm Curved,,
SR3 16-D,Hunter Splinter Forceps 11.5cm,,
SR3 16-E,Tubing Clamb 18cm,,
SR3 16-E,Rampley Forceps 25cm (Sponge Forceps),,
SR3 16-E,Spencer Wells Forceps 20cm Curved,,
SR3 16-F,Suture Pack of 3 Items,,
SR3 16-F,Spencer Wells Forceps 13cm Straight,,
SR3 16-F,Mosquito Forceps 12.5cm Curved,,
SR3 16-G,Sterile Gauze,,
SR3 16-H,Sterile Cotton Balls,,
SR3 17-A,Rapid Rhino 7.5cm Anterior/ Posterior Epistaxis,,
SR3 17-A,Rapid Rhino 9cm Posterior Epistaxis,,
SR3 17-A,Rapid Rhino Paediatric 4.5cm,,
SR3 17-A,Rapid Rhino Paediatric 5.5cm,,
SR3 17-B,Transpore Tape Plastic,,
SR3 17-B,Micropore Tape,,
SR3 17-B,Leukoplast Sleek,,
SR3 17-B,Leukoplast Elastic (Orange),,
SR3 17-B,Leukoplast Non-Elastic (Tan),,
SR3 17-B,Band Aid,,
SR3 17-B,Mefix 5cm x 10m,,
SR3 17-C,Sterile Scalpel Blade 11,,
SR3 17-C,Sterile Scalpel Blade 15,,
SR3 17-C,Sterile Scalpel Blade 23,,
SR3 17-D,Steri-Strip 3x75mm,,
SR3 17-D,Steri-Strip 6x75mm,,
SR3 17-D,Steri-Strip 6x100mm,,
SR3 17-D,Steri-Strip 6x38mm,,
SR3 17-D,Steri-Strip 12x100mm,,
SR3 17-D,Multi-Strip 6x100mm,,
SR3 17-D,Stitch Cutter Blade,,
SR3 17-E,Monofilament Nylon 3-0,,
SR3 17-E,Monofilament Nylon 4-0,,
SR3 17-E,Monofilament Nylon 5-0,,
SR3 17-E,Monofilament Nylon 6-0,,
SR3 17-F,Vicryl 3-0,,
SR3 17-F,Vicryl 4-0,,
SR3 17-F,Vicryl 5-0,,
SR3 17-F,Monocryl 5-0,,
SR3 17-G,Staple Remover,,
SR3 17-G,Skin Stapler,,
SR3 17-G,Sofsilk 0,,
SR3 17-G,Sofsilk 3-0,,
SR3 17-H,Acticoat Dressing 10x10cm,,
SR3 17-H,Intrasyte Dressing 10x10cm,,
SR3 18-A,Primapore Dressing 15x8cm,,
SR3 18-A,Primapore Dressing 7.2x5cm,,
SR3 18-A,Hydrocoll Dressing 7.5x7.5cm,,
SR3 18-A,Hydrocoll Dressing 10x10cm,,
SR3 18-A,Atrauman Dressing 5x5cm,,
SR3 18-A,Tegaderm with Pad Dressing 6x10cm,,
SR3 18-B,Melolin Dressing 10x10cm,,
SR3 18-C,Adaptic Digit Finger Dressing Medium,,
SR3 18-C,Adaptic Digit Finger Dressing Large,,
SR3 18-D,Mepilex Dressing 10x10cm,,
SR3 18-D,Aquacel Foam Dressing 10x10cm,,
SR3 18-E,Comfeel Plus Dressing 10x10cm,,
SR3 18-E,Jelonet Paraffin Gauze Dressing 10x10cm,,
SR3 18-E,Melgisorb Plus Dressing 5x5cm,,
SR3 18-E,Melgisorb Plus Dressing 10x10cm,,
SR3 18-F,Zetuvit Absorbent Dressing 10x20cm,,
SR3 18-G,Packing Gauze X-Ray Detectable 10cm x 2m,,
SR3 18-G,Packing Gauze X-Ray Detectable 1.25cm x 1m,,
SR3 18-H,Stoma Bag 1-Piece with Outlet,,
SR3 18-H,Stoma Bag 1-Piece Closed,,
SR3 19-A,Tubular Compression Bandage Size B,,
SR3 19-A,Tubular Compression Bandage Size C,,
SR3 19-A,Tubular Compression Bandage Size D,,
SR3 19-B,Tubular Compression Bandage Size E,,
SR3 19-B,Tubular Compression Bandage Size F,,
SR3 19-B,Tubular Compression Bandage Size G,,
SR3 19-C,Tubifast Yellow,,
SR3 19-C,Tubifast Green,,
SR3 19-C,Tubifast Blue,,
SR3 19-C,Tubifast Red,,
SR3 19-D,Finger Splint,,
SR3 19-E,Collar and Cuff,,
SR3 19-F,Elastifix Gauze Bandage 2.5cm x 1.5m,,
SR3 19-F,Elastifix Gauze Bandage 5cm x 4m,,
SR3 19-F,Elastifix Gauze Bandage 10cm x 4m,,
SR3 19-G,Crepe Bandage 5cm x 1.5m,,
SR3 19-G,Crepe Bandage 7.5cm x 1.5m,,
SR3 19-H,Crepe Bandage 10cm x 1.5m,,
SR3 19-H,Crepe Bandage 15cm x 1.5m,,
SR3 19-I,Tubular Dressing Applicators,,
SR3 20-B,Wool Dressing 6cm x 3m,,
SR3 20-C,Wool Dressing 10cm x 3m,,
SR3 20-D,Wool Dressing 15cm x 3m,,
SR3 20-E,Gypsona Plaster of Paris Bandage 5cm x 2.75m,,
SR3 20-F,Gypsona Plaster of Paris Bandage 7.5cm x 3.5m,,
SR3 20-G,Gypsona Plaster of Paris Bandage 10cm x 3.5m,,
SR3 20-H,Gypsona Plaster of Paris Bandage 15cm x 3.5m,,
SR3 20-I,Gypsona Plaster of Paris Bandage 20cm x 3.5m,,
SR3 21-B,Triangular Bandage Sling,,
SR3 21-C,Shoulder Immobiliser Sling Paediatric,,
SR3 21-D,Shoulder Immobiliser Sling Small,,
SR3 21-E,Shoulder Immobiliser Sling Medium,,
SR3 21-F,Shoulder Immobiliser Sling Large,,
SR3 21-G,Shoulder Immobiliser Sling Large,,
SR3 21-H,Urine Bottle,,
SR3 21-H,Bed Pan,,
SRH 22-A,Digital Thermometer,,
SRH 22-A,Denture Cups and Lids,,
SRH 22-A,Glucose Ketone QC Solution Level 1,,
SRH 22-A,Glucose Ketone QC Solution Level 3,,
SRH 22-A,Glucose Test Strips,,
SRH 22-A,Keton Stest Strips,,
SRH 22-B,Tympanic Thermometer Probe Covers ,,
SRH 22-B,Thermometer Suretemp Probe Covers,,
SRH 22-B,Thermometer Thermoscan Probe Covers,,
SRH 22-C,Rapid Flu Test Kits,,
SRH 22-D,HoverMatt,,
SRH 22-E,Urine Drug Screening Kit,,
SRH 22-E,Saliva Drug Screening Kit,,
SRH 22-F,Defib Paper for HeartStart XL+ (With Gridlines),,
SRH 22-F,Defib Paper for Efficia DFM100 (No Gridlines),,
SRH 22-F,Red Locking Tags,,
SRH 23-A,Clipper Attachment Blades,,
SRH 23-A,Safety Pins,,
SRH 23-A,Universal pH Indicator,,
SRH 23-A,Otoscope Tips Adult,,
SRH 23-A,Otoscope Tips Paediatric,,
SRH 23-A,Disposable Pen Torch,,
SRH 23-A,Mouth Jumbo Swab Stick,,
SRH 23-A,Peppermint Lip Cream,,
SRH 23-B,Bair Hugger Blanket,,
SRH 23-B,Sterile Surgical Marker,,
SRH 23-B,Tongue Depressor,,
SRH 23-C,Disposable Injection Tray,,
SRH 23-C,Mucosal Atomization Device (Nasal Atomizer),,
SRH 23-D,Medicine Cups,,
SRH 23-D,Paediatric ID Band White,,
SRH 23-D,Paediatric ID Band Red,,
SRH 23-E,Adult ID Band White,,
SRH 23-E,Adult ID Band Red,,
SRH 23-F,Body Bag -Blue,,
SRH 24-A,Paediatric Arm Boards/ Splints,,
SRH 24-B,ECG Papers,,
SRH 24-C,Electrodes ECG Red Dots,,
SRH 24-D,Kendall Cloth Electrodes (Paediatric Dots),,
SRH 24-D,Prewired Neonatal Electrodes ,,
SRH 24-D,ECG Gel Tab Electrodes,,
SRH 24-D,Heartstart Defib Pads Paediatrics,,
SRH 24-D,Heartstart Defib Pads Adults,,
SRH 24-E,Feeding Bottle and Teats,More stock available in C2,
SRH 24-F,Patient Property Bags,,
SRH 25-A,Molicare Wet Wipes,,
SRH 25-A,Alcohol Hand Foam,,
SRH 25-A,Molicare Cleansing Foam,,
SRH 25-A,Molicare Body Lotion,,
SRH 25-B,Incontinence Pad Large,,
SRH 25-B,Sanitary Napkin,,
SRH 25-C,Incontinence Pad Large,,
SRH 25-D,Incontinence Pad Pull-Up Medium,,
SRH 25-D,Incontinence Pad Pull-Up Large,,
SRH 26-A,Bluey Underpad,,
SRH 26-B,Vaginal Speculum with LED Small,,
SRH 26-B,Vaginal Speculum with LED Medium,,
SRH 26-C,Emesis Bags,,
SRH 26-C,Kleenex Facial Tissues,,
SRH 26-D,Incontinence Fixation Pants Large,,
SRH 26-D,Incontinence Fixation Pants XXLarge,,
SRH 27-A,Syringe Luer Slip 5mL,,
SRH 27-A,Syringe Luer Slip 20mL,,
SRH 27-B,Syringe Luer Slip 10mL,,
SRH 27-C,Non-Sterile Latex-Free Gloves Medium,,
SRH 27-C,Non-Sterile Latex-Free Gloves Large,,
SRH 27-D,Non-Sterile Latex-Free Gloves Small,,
SRH 27-D,Non-Sterile Latex-Free Gloves X-Large,,
SRH 28-A,Disposable Cups,,
SRH 28-B,Disposable Cups,,
SRH 29-A,IV Starter Packs,,
SRH 29-B,IV Starter Packs,,
,,,
,,,
,,,
,,,
,,,
,,,
,,,
,,,
,,,
,,,
,,,
,,,
,,,
,,,
,,,
,,,
,,,
,,,
,,,
,,,
,,,
,,,
,,,
,,,
,,,
,,,
,,,
,,,
,,,
,,,
,,,
,,,
,,,
,,,
,,,
,,,
,,,
,,,
,,,
,,,
,,,
,,,
,,,
,,,
,,,
,,,
,,,
,,,
,,,
,,,
,,,
,,,
,,,
,,,
,,,
,,,
,,,
,,,
,,,
,,,
,,,
,,,
,,,
,,,
,,,
,,,
,,,
,,,
,,,
,,,
,,,
,,,
,,,
,,,
,,,
,,,
,,,
,,,
,,,
,,,
,,,
,,,
,,,
,,,
,,,
,,,
,,,
,,,
,,,
,,,
,,,
,,,
,,,
,,,
,,,
,,,
,,,
,,,
,,,
,,,
,,,
,,,
,,,
,,,
,,,
,,,
,,,
,,,
,,,
,,,
,,,
,,,
,,,
,,,
,,,
,,,
,,,
,,,
,,,
,,,
,,,
,,,
,,,
,,,
,,,
,,,
,,,
,,,
,,,
,,,
,,,
,,,
,,,
,,,
,,,
,,,
,,,
,,,
,,,
,,,
,,,
,,,
,,,
,,,
,,,
,,,
,,,
,,,
,,,
,,,
,,,
,,,
,,,
,,,
,,,
,,,
,,,
,,,
,,,
,,,
,,,
,,,
,,,
,,,
,,,
,,,
,,,
,,,
,,,
,,,
,,,
,,,
,,,
,,,
,,,
,,,
,,,
,,,
,,,
,,,
,,,
,,,
,,,
,,,
,,,
,,,
,,,
,,,
,,,
,,,
,,,
,,,
,,,
,,,
,,,
,,,
,,,
,,,
,,,
,,,
,,,
,,,
,,,
,,,
,,,
,,,
,,,
,,,
,,,
,,,
,,,
,,,
,,,
,,,
,,,
,,,
,,,
,,,
,,,
,,,
,,,
,,,
,,,
,,,
,,,
,,,
,,,
,,,
,,,
,,,
,,,
,,,
,,,
,,,
,,,
,,,
,,,
,,,
,,,
,,,
,,,
,,,
,,,
,,,
,,,
,,,
,,,
,,,
,,,
,,,
,,,
,,,
,,,
,,,
,,,
,,,
,,,
,,,
,,,
,,,
,,,
,,,
,,,
,,,
,,,
,,,
,,,
,,,
,,,
,,,
,,,
,,,
,,,
,,,
,,,
,,,
,,,
,,,
,,,
,,,
,,,
,,,
,,,
,,,
,,,
,,,
,,,
,,,
,,,
,,,
,,,
,,,
,,,
,,,
,,,
,,,
,,,
,,,
,,,
,,,
,,,
,,,
,,,
,,,
,,,
,,,
,,,
,,,
,,,
,,,
,,,
,,,
,,,
,,,
,,,
,,,
,,,
,,,
,,,
,,,
,,,
,,,
,,,
,,,
,,,
,,,
,,,
,,,
,,,
,,,
,,,
,,,
,,,
,,,
,,,
,,,
,,,
,,,
,,,
,,,
,,,
,,,
,,,
,,,
,,,
,,,
,,,
,,,
,,,
,,,
,,,
,,,
,,,
,,,
,,,
,,,
,,,
,,,
,,,
,,,
,,,
,,,
,,,
,,,
,,,
,,,
,,,
,,,
,,,
,,,
,,,
,,,
,,,
,,,
,,,
,,,
,,,
,,,
,,,
,,,
,,,
,,,
,,,
,,,
,,,
,,,
,,,
,,,
,,,
,,,
,,,
,,,
,,,
,,,
,,,
,,,
,,,
,,,
,,,
,,,
,,,
,,,
,,,
,,,
,,,
,,,
,,,
,,,
,,,
,,,
,,,
,,,
,,,
,,,
,,,
,,,
,,,
,,,
,,,
,,,
,,,
,,,
,,,
,,,
,,,
,,,
,,,
,,,
,,,
,,,
,,,
,,,
,,,
,,,
,,,
,,,
,,,
,,,
,,,
,,,
,,,
,,,
,,,
,,,
,,,
,,,
,,,
,,,
,,,
,,,
,,,
,,,
,,,
,,,
,,,
,,,
,,,
,,,
,,,
,,,
,,,
,,,
,,,
,,,
,,,
,,,
,,,
,,,
,,,
,,,
,,,
